1,Female,user_1,c07drwba
2,Female,user_2,5VGhAG6D
3,Male,user_3,2xFgZcLW
4,Female,user_4,ekqJuCln
5,Female,user_5,ZI90kfQU
6,Female,user_6,1MIE7tFO
7,Female,user_7,AHM0ViP1
8,Female,user_8,b95KzKGB
9,Female,user_9,xpaOvSpz
10,Male,user_10,atGUTBuK
11,Male,user_11,9vSKqgGU
12,Male,user_12,a2TKZxXF
13,Female,user_13,kLxKQz6B
14,Male,user_14,LbulEMOR
15,Male,user_15,LMAuLkwn
16,Male,user_16,4Y9cQEqt
17,Female,user_17,xInG7BJI
18,Female,user_18,3aQIrftM
19,Female,user_19,qW1DYotk
20,Female,user_20,kk3Raykv
21,Male,user_21,zTWa0O9j
22,Female,user_22,IRrs0cMo
23,Male,user_23,ESyhUlqh
24,Male,user_24,io6J1XQ1
25,Male,user_25,oNGQbphd
26,Female,user_26,0Se8zjBr
27,Male,user_27,O4wT19BL
28,Female,user_28,0dwuaW1s
29,Female,user_29,DtqKqsWT
30,Male,user_30,djc2N7eN
31,Female,user_31,kEJC6AWN
32,Female,user_32,kkXBZG09
33,Male,user_33,8Sjr9VfX
34,Male,user_34,BFKnLrJx
35,Female,user_35,9vplYRx2
36,Male,user_36,vkSxnfx2
37,Female,user_37,uxMS1mhF
38,Female,user_38,JEQYkgY2
39,Male,user_39,oEehxHtA
40,Male,user_40,y4ekeOI2
41,Female,user_41,8HhqneuK
42,Male,user_42,OWhaHZqx
43,Female,user_43,QzG5SbEj
44,Female,user_44,bH8uRwC8
45,Female,user_45,5UdJbm40
46,Male,user_46,ZiztdF4H
47,Female,user_47,daTzaW1A
48,Male,user_48,xFgm9XVY
49,Female,user_49,jtfGGyHs
50,Female,user_50,uoX3qnCu
51,Male,user_51,KShtwZHf
52,Female,user_52,J7GivlXE
53,Female,user_53,vf94ePtP
54,Male,user_54,xlNxbMh0
55,Male,user_55,wo8nQcST
56,Male,user_56,87kjltXk
57,Male,user_57,Eu0O2aY2
58,Male,user_58,Z1xACmEV
59,Male,user_59,crCQ6Fd0
60,Male,user_60,khEmw5f1
61,Female,user_61,xIQFKEF7
62,Male,user_62,4gk79tEy
63,Female,user_63,pBWr4G8I
64,Male,user_64,x6fvqOIr
65,Female,user_65,NbljtwK0
66,Male,user_66,j9lySrwD
67,Male,user_67,Zx3cDdFl
68,Female,user_68,qXIPOmDi
69,Female,user_69,MmFCRzAc
70,Male,user_70,TYf9ZhrI
71,Female,user_71,XSquNZ90
72,Female,user_72,lOEOV3kq
73,Male,user_73,ZmUuiRp0
74,Female,user_74,pMZtVDMv
75,Female,user_75,twx0k2GQ
76,Female,user_76,j266k6LX
77,Female,user_77,cc1mCOef
78,Male,user_78,58BpROqG
79,Male,user_79,UkVk1H4e
80,Female,user_80,FmVjlXFY
81,Male,user_81,MmHsKb4E
82,Female,user_82,O9N0mF1T
83,Female,user_83,LPPudCli
84,Male,user_84,HfUnQ88A
85,Male,user_85,jXsYtqZV
86,Male,user_86,an5MjRkj
87,Female,user_87,ncCCPF9H
88,Male,user_88,8NGRY3yX
89,Male,user_89,GaVUdRpB
90,Female,user_90,Gx7bRsYN
91,Male,user_91,Nrj6lMBY
92,Male,user_92,i36XVEYd
93,Female,user_93,hPWQOqbt
94,Male,user_94,R87FiFYt
95,Male,user_95,JK4hse8X
96,Male,user_96,6Fq2qTkf
97,Female,user_97,yFi5M1J2
98,Male,user_98,Fym8kALQ
99,Female,user_99,y2Fqy7Rs
100,Male,user_100,Zo2u37yn
101,Female,user_101,PCtPj79U
102,Female,user_102,KGFfT8pW
103,Female,user_103,VODcYwas
104,Male,user_104,gw0TiwER
105,Female,user_105,fz7u3gps
106,Female,user_106,LEzvdcC3
107,Female,user_107,Rp7C2PUA
108,Female,user_108,wuxBCnBu
109,Male,user_109,0VJ9ZlJo
110,Male,user_110,JsL5t0tn
111,Female,user_111,wqIP5e2P
112,Male,user_112,FBJ6vwg4
113,Female,user_113,q7fCJw27
114,Female,user_114,cbE0gb4S
115,Female,user_115,ICIpDbaW
116,Female,user_116,hrkM2BvT
117,Female,user_117,A3fdYMAp
118,Male,user_118,BB9MPllE
119,Male,user_119,14qcFh6h
120,Female,user_120,iH2Ebkb6
121,Female,user_121,X6eahEDo
122,Male,user_122,6D8uFmUa
123,Female,user_123,ya2EmO3b
124,Female,user_124,MboSM32j
125,Male,user_125,sD7H2c0C
126,Male,user_126,LOXU1uq0
127,Male,user_127,BtZPHmIa
128,Female,user_128,YtM7criv
129,Female,user_129,PqlUpI0a
130,Male,user_130,kg9l6mSw
131,Female,user_131,KLYAplJu
132,Male,user_132,5O9H6uw8
133,Male,user_133,ONgPR5wI
134,Female,user_134,pqP9vm07
135,Female,user_135,XtvomRwK
136,Female,user_136,r2DEEg0G
137,Male,user_137,u5DwW8rp
138,Female,user_138,1vkoEQCG
139,Male,user_139,S9b2lFkR
140,Female,user_140,LYaDOogV
141,Female,user_141,m3jgtCPT
142,Male,user_142,JumYawr0
143,Male,user_143,jmW7Yfms
144,Female,user_144,SSDL9XXM
145,Male,user_145,biqi9kFn
146,Female,user_146,7pDhwKxX
147,Female,user_147,sgSDwxiM
148,Male,user_148,RQNZuXfr
149,Male,user_149,LdRRyHWG
150,Female,user_150,dDoRiEG3
151,Female,user_151,sZVlNjCq
152,Male,user_152,zqMymTQK
153,Male,user_153,VeAaZUCW
154,Male,user_154,gIjXYdYD
155,Female,user_155,uFOaQkaU
156,Male,user_156,TKORn80H
157,Male,user_157,IuvGLHfn
158,Male,user_158,FxNwNzmW
159,Male,user_159,CnFmSMyk
160,Male,user_160,dOxP8K1e
161,Female,user_161,IseQueIj
162,Male,user_162,BHrpUsJy
163,Female,user_163,yJ2plRvZ
164,Female,user_164,67XaIq58
165,Male,user_165,lnZykGqj
166,Male,user_166,CKcF2zFw
167,Female,user_167,g6TcNsv2
168,Female,user_168,CLv72fRm
169,Female,user_169,HEVlzi6v
170,Male,user_170,GmxeqnuC
171,Female,user_171,PWTY3D0S
172,Male,user_172,xoVacI38
173,Female,user_173,yM8Iusm6
174,Male,user_174,2M74KmH8
175,Female,user_175,iN9WUMZr
176,Male,user_176,wML1Rabt
177,Female,user_177,Uq579HlP
178,Male,user_178,IAu0kAWa
179,Male,user_179,DjopPxLU
180,Male,user_180,AURiiZTx
181,Female,user_181,j8teMdvg
182,Female,user_182,1K2xdsDa
183,Male,user_183,TC619Wet
184,Female,user_184,VZhkR4U4
185,Male,user_185,v0jjP7jw
186,Female,user_186,dnYA2UIp
187,Male,user_187,aCdViPS0
188,Female,user_188,BDptYTLm
189,Female,user_189,4QBC9BdO
190,Female,user_190,pNYxSVWM
191,Female,user_191,h5iLaBHH
192,Male,user_192,Mep3aRuE
193,Male,user_193,Oun3xSav
194,Female,user_194,0rJ45jDG
195,Male,user_195,z2iBE6XZ
196,Male,user_196,fGZ14t19
197,Male,user_197,4ESDNM44
198,Male,user_198,02nak1DH
199,Female,user_199,ncfZ9FmH
200,Male,user_200,2mHOQ6c2
201,Male,user_201,EkHbQKCW
202,Female,user_202,KsQi8OVU
203,Male,user_203,vJCwmAXX
204,Male,user_204,ZnCZ6xs6
205,Male,user_205,cDHb2okW
206,Male,user_206,lF4ZA8UQ
207,Female,user_207,zBMv1t2n
208,Male,user_208,g2wJYMDN
209,Female,user_209,5KhEVVqv
210,Male,user_210,ubp7UYnQ
211,Female,user_211,mZLCQHQ1
212,Male,user_212,08GikJ6w
213,Female,user_213,SayPxIHB
214,Female,user_214,m0pqtXXN
215,Female,user_215,Ab3xruFK
216,Male,user_216,0HuXTbbM
217,Male,user_217,BK2JGu3x
218,Male,user_218,YpyeU7yx
219,Female,user_219,Ua3WaPCz
220,Female,user_220,JvoeF7FM
221,Female,user_221,FQRbm73Y
222,Male,user_222,klsBjmB3
223,Female,user_223,GcDut0Vs
224,Female,user_224,CQhTgLBy
225,Female,user_225,6JNJHMmd
226,Male,user_226,TBcUJn0U
227,Male,user_227,nouddzKJ
228,Female,user_228,5rzuStZu
229,Male,user_229,MkFTcunB
230,Female,user_230,umSqQPoo
231,Female,user_231,cDvlqcgY
232,Female,user_232,IHekTsVz
233,Female,user_233,rtykPsSZ
234,Female,user_234,sFtDkFsa
235,Male,user_235,RYwoyF2N
236,Female,user_236,e9JVKmJO
237,Female,user_237,v9vfs7Dx
238,Female,user_238,ovftjmLO
239,Male,user_239,sYnkZY8p
240,Male,user_240,nKW8oahf
241,Female,user_241,6h4gMWuT
242,Female,user_242,ejkvrGFY
243,Male,user_243,od7v9uPa
244,Female,user_244,JqaWAeql
245,Female,user_245,GLOsRXJi
246,Female,user_246,ogJEcMvD
247,Female,user_247,evNCIIHc
248,Female,user_248,XRiXAuLf
249,Female,user_249,wWs3PYkR
250,Male,user_250,wmkCB6TC
251,Female,user_251,MTucWPfG
252,Male,user_252,I8iQVlqz
253,Female,user_253,eRYFaKqq
254,Female,user_254,CrNVo3my
255,Male,user_255,BkWLAw5Y
256,Male,user_256,0ty1qjHx
257,Female,user_257,8hBPaw3O
258,Male,user_258,Q2dAQA1o
259,Female,user_259,mbomuR2X
260,Male,user_260,PARizIhu
261,Female,user_261,5S0csfaF
262,Male,user_262,fgXuzkJI
263,Female,user_263,40dRkFzq
264,Male,user_264,aIT3HXLM
265,Male,user_265,1sGB8kGP
266,Male,user_266,IAlM4lEo
267,Female,user_267,SlCsqKsc
268,Female,user_268,FXExU1eD
269,Male,user_269,PRoQisOZ
270,Female,user_270,PCzbNgo9
271,Male,user_271,jGmzZGCS
272,Male,user_272,4RG5MxEX
273,Female,user_273,Ut2ct7CB
274,Male,user_274,W892bTLK
275,Female,user_275,i5zlk4j3
276,Male,user_276,3ZhKl8Gs
277,Male,user_277,jP0lqdv3
278,Male,user_278,h7LmrCWN
279,Female,user_279,8MEsc9ux
280,Male,user_280,WNHzeKK6
281,Female,user_281,GGkQrRgY
282,Female,user_282,tcIOtV8n
283,Male,user_283,StliLP18
284,Male,user_284,Umwg6G1M
285,Female,user_285,9oYx5z7O
286,Male,user_286,S11JTQ91
287,Female,user_287,mB5i7oM7
288,Female,user_288,GaEKF13G
289,Male,user_289,BpXuk5By
290,Female,user_290,BnwIvYs5
291,Male,user_291,eSrj6WoR
292,Male,user_292,FBK2wuRE
293,Female,user_293,V84ClWo8
294,Female,user_294,WyWwxgjT
295,Male,user_295,8cYS9oTD
296,Female,user_296,bDfkPWBI
297,Female,user_297,ZACTvD7m
298,Female,user_298,iAlvMKah
299,Male,user_299,wVWDCZJH
300,Male,user_300,gkEjNgts
301,Female,user_301,sqtmacWp
302,Male,user_302,dl6PXGkc
303,Male,user_303,NfPctBIj
304,Female,user_304,rfQYeqxf
305,Female,user_305,uqP0kFyk
306,Male,user_306,r0gtIuQW
307,Male,user_307,1duhZ8Gz
308,Female,user_308,rMPOXC4Q
309,Female,user_309,ToxItEdt
310,Female,user_310,iJ4H7NuG
311,Female,user_311,kI2LWVqf
312,Male,user_312,X8Qe94SJ
313,Female,user_313,Caj3qAth
314,Male,user_314,GvkEDRLh
315,Male,user_315,zFzZpQYJ
316,Female,user_316,HSQOOZkp
317,Female,user_317,cB8jUnXQ
318,Male,user_318,O4cFQuWg
319,Female,user_319,PgeFB7KD
320,Male,user_320,QLiq1INM
321,Female,user_321,8VxaQspL
322,Female,user_322,usscxNCN
323,Male,user_323,wRA5Z38u
324,Female,user_324,IpUaEEto
325,Male,user_325,njaYKEpl
326,Male,user_326,aEFIFQsZ
327,Male,user_327,sfCyTYcl
328,Male,user_328,pKrzfyc6
329,Male,user_329,bN1Toypp
330,Male,user_330,yrLU2P95
331,Male,user_331,9fPTyTSp
332,Male,user_332,765vVbLH
333,Male,user_333,XV4VOir1
334,Male,user_334,yZ8EiRME
335,Female,user_335,frAFPUZZ
336,Female,user_336,ROzfGvT5
337,Female,user_337,XG792dZO
338,Male,user_338,Fb3LigWv
339,Male,user_339,z9E8x40p
340,Male,user_340,tn5vkulx
341,Male,user_341,DOwp30Zp
342,Male,user_342,pE90I21k
343,Female,user_343,4As8wshg
344,Female,user_344,bxEZxpHR
345,Male,user_345,GsVVdMEz
346,Male,user_346,3yOi5Psq
347,Male,user_347,CnLGqPlw
348,Male,user_348,JIY0W8hK
349,Female,user_349,gFhlHz7i
350,Male,user_350,LwkVllqv
351,Male,user_351,OarPdKoB
352,Male,user_352,jiALLL0H
353,Male,user_353,0BFOSyZC
354,Male,user_354,SnCQJ0RU
355,Female,user_355,3khUgmxT
356,Female,user_356,qUW5jMQ7
357,Male,user_357,LlLaUI4V
358,Female,user_358,qZC8ZPLx
359,Female,user_359,Hd2CVO4e
360,Male,user_360,prckPkkL
361,Male,user_361,2gQGKzD5
362,Female,user_362,2blkPdII
363,Female,user_363,t0zDA35f
364,Female,user_364,8OKzg9sL
365,Female,user_365,nZ4Miks1
366,Male,user_366,dhdNO2jc
367,Female,user_367,d09fSEh8
368,Male,user_368,q6ueDdu9
369,Female,user_369,THn8ZJMp
370,Male,user_370,UZUnELXa
371,Male,user_371,8rS36YN7
372,Female,user_372,4MbNtnK7
373,Male,user_373,MbYzvlxj
374,Female,user_374,1KPm7YZk
375,Female,user_375,j8pCfYia
376,Male,user_376,BG2JirLn
377,Male,user_377,NMturCp7
378,Male,user_378,g45s5jhk
379,Male,user_379,ygecC6jY
380,Female,user_380,LUmnVZxJ
381,Male,user_381,Yq10ozGG
382,Female,user_382,tSMs23x3
383,Female,user_383,bevjK5IV
384,Female,user_384,Ky9kiz00
385,Female,user_385,08iP24e1
386,Female,user_386,Qq6cnHE7
387,Male,user_387,NV0LWM32
388,Female,user_388,RUZCdvx8
389,Male,user_389,yfhxUDHF
390,Female,user_390,Y7wWJEGB
391,Female,user_391,QxdE5s5u
392,Male,user_392,kmqTbe2V
393,Female,user_393,z7uGxuOM
394,Male,user_394,vGe4qfH2
395,Female,user_395,kZAC4U8Y
396,Male,user_396,NveyskPF
397,Male,user_397,63KDsHyf
398,Female,user_398,UXD8bSrj
399,Female,user_399,CNAJ71YG
400,Female,user_400,tVr7iP6g
401,Female,user_401,8GROsxMH
402,Male,user_402,aSbQWir5
403,Female,user_403,mnbBuIT1
404,Female,user_404,cJdwsrER
405,Female,user_405,oM8rN49b
406,Male,user_406,cUGXkgs0
407,Male,user_407,lHhkufcj
408,Male,user_408,DCdiwWm1
409,Male,user_409,d0a6xyLE
410,Male,user_410,GNmWriGg
411,Female,user_411,hqtkPg5R
412,Male,user_412,jXzxsji8
413,Female,user_413,mQTYQuks
414,Female,user_414,6UNwge8H
415,Female,user_415,Ki35cZC9
416,Male,user_416,Q9w2ztSj
417,Female,user_417,3GPfSsvi
418,Male,user_418,kdTUeOVY
419,Male,user_419,6hJlenoV
420,Female,user_420,QsAJRv4n
421,Male,user_421,p6EIz7cl
422,Male,user_422,CNAUgRII
423,Female,user_423,wPDnaMwi
424,Male,user_424,a8tyESxH
425,Male,user_425,EGJCj5J6
426,Female,user_426,7GfXPjV7
427,Female,user_427,bW2M6OtR
428,Male,user_428,JXo6lEaD
429,Male,user_429,QgW3A35Z
430,Female,user_430,D1Ji6WBS
431,Female,user_431,jPOb5Nkv
432,Female,user_432,jrCGBU9J
433,Male,user_433,DukwKMGq
434,Male,user_434,wd0lSVoj
435,Female,user_435,Nn66zwFL
436,Female,user_436,py4slTVJ
437,Female,user_437,NVRQqbin
438,Male,user_438,ffW6NMjK
439,Male,user_439,C7L7exCw
440,Male,user_440,aOVuka6Y
441,Female,user_441,AdFeoIyN
442,Female,user_442,JANc5qST
443,Female,user_443,qkP6bsSD
444,Male,user_444,q6os3PTV
445,Male,user_445,3MVO7Os4
446,Male,user_446,JpRoQCdS
447,Female,user_447,XYwXP0En
448,Female,user_448,k8K997Bw
449,Female,user_449,hOQeUIpe
450,Female,user_450,gAyzj4w0
451,Female,user_451,u5iSwdwQ
452,Female,user_452,B9brQ44Y
453,Female,user_453,ODeETiAc
454,Male,user_454,gkzXWLaj
455,Male,user_455,3vc7G5hW
456,Male,user_456,DvnGV3bE
457,Male,user_457,Bp13t8c1
458,Male,user_458,pt9y3zMt
459,Male,user_459,sZe7UrDr
460,Male,user_460,qxpWDUXB
461,Male,user_461,E4TzEBhG
462,Male,user_462,JAtYVuwc
463,Male,user_463,jFZOdVJ7
464,Female,user_464,MQaTYslb
465,Male,user_465,bRi9CjtA
466,Female,user_466,oTJSDs3d
467,Female,user_467,mFd22eYy
468,Male,user_468,zf0kTrtW
469,Female,user_469,mawYGwgj
470,Female,user_470,S6nZY9zr
471,Female,user_471,NKRD424G
472,Male,user_472,ytQ565DP
473,Male,user_473,rmeWxwce
474,Female,user_474,Ny05XAGs
475,Male,user_475,aWDROKCJ
476,Female,user_476,jyShsQBk
477,Male,user_477,jDIh5ztO
478,Female,user_478,z0jUSWgR
479,Male,user_479,cbuOibF5
480,Male,user_480,BBz0xGld
481,Male,user_481,iqo2eIve
482,Female,user_482,gZ2wN5Bn
483,Female,user_483,jQuN2CXX
484,Female,user_484,CCjyuGJv
485,Male,user_485,jAxlaTdZ
486,Male,user_486,lD04qLHI
487,Female,user_487,2fslgmwa
488,Female,user_488,kq1L4rsf
489,Female,user_489,7t5dqlNr
490,Female,user_490,N2QUPwM7
491,Female,user_491,iQlnh9hA
492,Female,user_492,HFGA14dz
493,Male,user_493,VIBhXulK
494,Female,user_494,AZbDnSTI
495,Female,user_495,BZLUvIB1
496,Male,user_496,ewHQnemv
497,Male,user_497,POIt8jvR
498,Female,user_498,5IEvrxxY
499,Female,user_499,wSPyQqaC
500,Female,user_500,fHkq1F1R